<?xml version='1.0' encoding='UTF-8'?>
<?artifactRepository version='1.1.0'?>
<repository name='file:/C:/Users/Doug/Desktop/salesforceoauth/target/update-site/ - artifacts' type='org.eclipse.equinox.p2.artifact.repository.simpleRepository' version='1'>
  <properties size='2'>
    <property name='p2.timestamp' value='1364245827758'/>
    <property name='p2.compressed' value='false'/>
  </properties>
  <mappings size='3'>
    <rule filter='(&amp; (classifier=osgi.bundle))' output='${repoUrl}/plugins/${id}_${version}.jar'/>
    <rule filter='(&amp; (classifier=binary))' output='${repoUrl}/binary/${id}_${version}'/>
    <rule filter='(&amp; (classifier=org.eclipse.update.feature))' output='${repoUrl}/features/${id}_${version}.jar'/>
  </mappings>
  <artifacts size='2'>
    <artifact classifier='org.eclipse.update.feature' id='org.mule.tooling.ui.extension.salesforceoauth' version='1.0.0.201303251410'>
      <properties size='4'>
        <property name='artifact.size' value='3981'/>
        <property name='download.size' value='3981'/>
        <property name='download.md5' value='d78e4a9415393aad492532718bb1212b'/>
        <property name='download.contentType' value='application/zip'/>
      </properties>
    </artifact>
    <artifact classifier='osgi.bundle' id='org.mule.tooling.ui.contribution.salesforceoauth' version='1.0.0.201303251410'>
      <properties size='3'>
        <property name='artifact.size' value='2149016'/>
        <property name='download.size' value='2149016'/>
        <property name='download.md5' value='57d63c4b19825897050bf819ad79f6f9'/>
      </properties>
    </artifact>
  </artifacts>
</repository>
