<?xml version="1.0" encoding="UTF-8"?>

<mule xmlns:http="http://www.mulesoft.org/schema/mule/http" xmlns="http://www.mulesoft.org/schema/mule/core"
      xmlns:xsi="http://www.w3.org/2001/XMLSchema-instance"
      xmlns:spring="http://www.springframework.org/schema/beans"
      xmlns:salesforceoauth="http://www.mulesoft.org/schema/mule/salesforceoauth"
      xsi:schemaLocation="
        http://www.springframework.org/schema/beans http://www.springframework.org/schema/beans/spring-beans-3.0.xsd
        http://www.mulesoft.org/schema/mule/core http://www.mulesoft.org/schema/mule/core/current/mule.xsd
        http://www.mulesoft.org/schema/mule/salesforceoauth http://www.mulesoft.org/schema/mule/salesforceoauth/1.0-SNAPSHOT/mule-salesforceoauth.xsd
        http://www.mulesoft.org/schema/mule/http http://www.mulesoft.org/schema/mule/http/current/mule-http.xsd
        http://www.mulesoft.org/schema/mule/xml http://www.mulesoft.org/schema/mule/xml/current/mule-xml.xsd 
		http://www.mulesoft.org/schema/mule/http http://www.mulesoft.org/schema/mule/http/current/mule-http.xsd 
		http://www.mulesoft.org/schema/mule/file http://www.mulesoft.org/schema/mule/file/current/mule-file.xsd 
		http://www.mulesoft.org/schema/mule/cxf http://www.mulesoft.org/schema/mule/cxf/current/mule-cxf.xsd 
		http://www.mulesoft.org/schema/mule/scripting http://www.mulesoft.org/schema/mule/scripting/current/mule-scripting.xsd 
		http://www.springframework.org/schema/beans http://www.springframework.org/schema/beans/spring-beans-current.xsd 
		http://www.mulesoft.org/schema/mule/core http://www.mulesoft.org/schema/mule/core/current/mule.xsd ">

	
    <salesforceoauth:config apiKey="3MVG9y6x0357Hlef6xEZ6s0azfKKZxmBcgMbnLOpw8s1Ms2fC2evKXtpi0cs_hSsAamcBidF0BINVWTo8bIro"
     apiSecret="634397704277671175">
     	 <salesforceoauth:oauth-callback-config domain="localhost" localPort="8081" remotePort="8081" path="oauthcallback"/>
     	 <salesforceoauth:oauth-store-config objectStore-ref="_defaultInMemoryObjectStore"/>
     </salesforceoauth:config>

    <flow name="testFlow">
    	<salesforceoauth:authorize/>
    	<echo-component/>
        <salesforceoauth:retrieve-contact/>
    </flow>

</mule>
